context,question,answer
"The user is working on a machine learning project using the MNIST dataset. They have trained a model and want to load a checkpoint to continue their training or use the saved model for inference. They are using Weights & Biases (W&B) for experiment tracking and logging.
","I have trained a model using my MNIST dataset and saved the checkpoint in W&B. How can I load this checkpoint to continue my training or use the saved model for inference?
","To load a checkpoint in W&B, you can use the `wandb.use_artifact()` method. Here's an example of how to do it:

```python
run = wandb.init(project=""MNIST"")
artifact = run.use_artifact(checkpoint_reference, type=""model"")
artifact_dir = artifact.download()

model = LitModule.load_from_checkpoint(Path(artifact_dir) / ""model.ckpt"")
```

In this example, the `checkpoint_reference` is the reference to the artifact containing your saved model checkpoint. You can obtain this reference from the W&B interface or programmatically.

The `use_artifact()` method allows you to fetch the artifact from W&B, and the `download()` method downloads it locally. Finally, you can use `LitModule.load_from_checkpoint()` to load the model checkpoint from the downloaded artifact directory.

Now you can continue training your model or use it for inference."
"A user wants to log images during their model training using Weights & Biases (W&B). They have read the W&B documentation and are familiar with logging images using the `log_image` method.
","How can I log images with captions using Weights & Biases?
","To log images with captions using Weights & Biases, you can use the `log_image` method provided by the `WandbLogger`. Here is an example code snippet:

```python
# using tensors, numpy arrays or PIL images
wandb_logger.log_image(key=""samples"", images=[img1, img2], caption=[""tree"", ""person""])

# using file path
wandb_logger.log_image(key=""samples"", images=[""img_1.jpg"", ""img_2.jpg""])

# using .log in the trainer
trainer.logger.experiment.log({
    ""samples"": [wandb.Image(img, caption=caption) for (img, caption) in my_images]
})
```

You can pass a list of images to the `images` parameter. Captions can be provided as a list using the `caption` parameter. Alternatively, you can also log images directly using the `.log` method of the `trainer.logger.experiment` object."
"
The user is trying to train a model using Weights & Biases (W&B) and wants to log images during the training process. They have read the W&B documentation and are looking for a way to log images with captions.
","
How can I log images with captions in W&B during the model training process?
","
To log images with captions in W&B during the training process, you can use the `wandb.log_image` method provided by the `WandbLogger`. This method allows you to log images with captions by providing the `key`, `images`, and `caption` parameters. You can either provide the images directly as tensors, numpy arrays, or PIL images, or you can provide file paths to the images.

Here is an example of how to log images with captions using the `wandb.log_image` method:

```python
wandb_logger.log_image(key=""samples"", images=[img1, img2], caption=[""tree"", ""person""])
```

Alternatively, you can also log images with captions using the `.log` method of the `trainer.logger.experiment` object. You can create a list of `wandb.Image` objects, where each object represents an image with its corresponding caption, and pass this list to the `.log` method.

Here is an example of how to log images with captions using the `.log` method:

```python
trainer.logger.experiment.log({
    ""samples"": [wandb.Image(img, caption=caption) for (img, caption) in my_images]
})
```

By using either the `wandb.log_image` method or the `.log` method with `wandb.Image` objects, you can easily log images with captions during the training process in W&B."
"The user is working on a machine learning project using the MNIST dataset. They have trained a model and want to save and load checkpoints for further analysis or retraining.
","How can I save and load checkpoints in Weights & Biases?
","To save and load checkpoints in Weights & Biases, you can use the `wandb.init` and `run.use_artifact` functions. First, initialize your run with `wandb.init` and specify your project name. Then, use the `run.use_artifact` method to download the checkpoint artifact. Finally, you can load the downloaded checkpoint using the appropriate function for your model.

Here's an example of how you can save and load checkpoints:

```python
# Save checkpoint
run = wandb.init(project=""MNIST"")
model.save_checkpoint(""model.ckpt"")
artifact = wandb.Artifact(""checkpoint"", type=""model"")
artifact.add_file(""model.ckpt"")
run.log_artifact(artifact)

# Load checkpoint
run = wandb.init(project=""MNIST"")
checkpoint_reference = ""USER/PROJECT/MODEL-RUN_ID:VERSION""
artifact = run.use_artifact(checkpoint_reference, type=""model"")
artifact_dir = artifact.download()
model.load_checkpoint(artifact_dir / ""model.ckpt"")
```
In the example above, we first save the checkpoint using `model.save_checkpoint` and create an artifact with `wandb.Artifact`. Then, we log the artifact with `run.log_artifact`. To load the checkpoint, we use `run.use_artifact` and specify the checkpoint's reference. Finally, we download the artifact and load the checkpoint using the appropriate function for your model."
"The user is using Weights & Biases (W&B) to train a machine learning model and log various media types such as images, text, and tables. They have read the documentation on how to log images, text, and tables using the `WandbLogger` but are unsure about how to log other media types like Audio, Molecules, Point Clouds, and 3D Objects.
","How can I log media types like Audio, Molecules, Point Clouds, and 3D Objects in Weights & Biases using the `WandbLogger`?
","To log media types like Audio, Molecules, Point Clouds, and 3D Objects in Weights & Biases using the `WandbLogger`, you can directly call `wandb.log` or `trainer.logger.experiment.log`. For example, to log Audio, you can use:
```python
wandb.log({""audio"": wandb.Audio(audio_data, caption=""example audio"")})
```
To log Molecules, you can use:
```python
wandb.log({""molecules"": wandb.Molecules(molecule_data, caption=""example molecule"")})
```
To log Point Clouds, you can use:
```python
wandb.log({""point_clouds"": wandb.Object3D(point_cloud_data, caption=""example point cloud"")})
```
And to log 3D Objects, you can use:
```python
wandb.log({""objects"": wandb.Object3D(object_data, caption=""example 3D object"")})
```
Make sure to replace `audio_data`, `molecule_data`, `point_cloud_data`, and `object_data` with the respective data for each media type."
"A user is working on a collaborative project with a team using Weights & Biases. They have created a report and want to know how to share it with their team members and specify their access permissions.
","How can I share a report in my team project on Weights & Biases and specify the access permissions for team members?
","To share a report in your team project on Weights & Biases and specify the access permissions for team members, follow these steps:

1. Open the report you want to share.
2. Click on the ""Share"" button located in the upper right-hand corner of the report page.
3. In the sharing modal that appears, you can either provide an email account of the team member or copy the magic link.
4. If you provide an email account, the team member will receive an invitation to log into Weights & Biases to view the report.
5. If you copy the magic link, the team member can directly access the report without logging into Weights & Biases.
6. Besides sharing the report, you can also toggle permissions between edit or view access for other team members. This will define whether they can make changes to the report or only view it.
7. Once you have shared the report and set the access permissions, the team members will be able to view it. However, please note that shared reports are view-only, meaning team members won't be able to make changes unless they have been granted edit access.

Please let me know if you have any further questions!"
"The user is working on a collaborative project and has created a report in their private project. They are now looking to share this report with their team members and make it editable by certain members.
","How can I share a report created in my private project with my team members and allow them to edit it?
","To share a report created in your private project with your team members and allow them to edit it, you can follow these steps:

1. Open the report you want to share in your private project.
2. Click on the **Share** button located in the upper right-hand corner of the report.
3. In the sharing modal, you have two options:
   - Enter the email addresses of your team members who you want to invite to edit the report. They will receive an email invitation to log into Weights & Biases and view/edit the report.
   - Copy the magic link provided in the modal and directly share it with your team members. They can access the report without logging into Weights & Biases.
4. Once you have shared the report, your team members will have access to it and be able to edit it based on the permissions you have assigned them.

Please note that shared reports are view-only for those who have been invited to view them or accessed through the magic link. Only the original creator of the report can toggle permissions to allow editing access for team members."
The user is collaborating with others on a W&B report and wants to know how to share it with their team members.,How can I share a W&B report with my team members?,"To share a report with your team members, you can follow these steps:

1. Open the report you want to share.
2. Click on the ""Share"" button located on the upper-right corner of the page.
3. In the sharing modal that appears, you have two options:
   - Provide an email account: Enter the email addresses of the team members you want to share the report with. They will receive an invitation to view the report and will need to log into Weights & Biases to access it.
   - Copy the magic link: This link can be shared with your team members directly. They can access the report without needing to log into Weights & Biases.

Note that shared reports are view-only, and only the report creator or project administrator can toggle permissions between edit or view access for team members."
"The user is working on a collaborative project using W&B Reports. They have created a report and want to share it with their team members. However, they are unsure about the options available for sharing and who has the ability to edit and share reports.
","How can I share my W&B report with my team members? Can they edit the report as well?
","To share your W&B report with your team members, you can use the Share button located on the upper right-hand corner of the report. By clicking on the Share button, you can either provide an email account or copy the magic link to share the report. If you invite someone by email, they will need to log into Weights & Biases to view the report. However, if you give them a magic link, they will not need to log in. It's important to note that shared reports are view-only by default. Only the administrator or member who created the report in a team project can toggle the permissions to allow other team members to edit or view the report."
"The user is working on a collaborative project using W&B Reports. They want to know how they can share their report with others and collaborate on it.
","How can I collaborate with my team on a W&B report?
","To collaborate with your team on a W&B report, you can share the report by selecting the **Share** button on the upper right hand corner of the report. You can either provide an email account or copy the magic link. Users invited by email will need to log into Weights & Biases to view the report. Users who are given a magic link do not need to log into Weights & Biases to view the report. Once you've shared the report, your team members will be able to view and comment on it, making collaboration easier."
"The user is familiar with running sweeps with Weights & Biases but is now looking to group multiple runs together to analyze and compare results.
","How do I group runs in Weights & Biases?
","To group runs in Weights & Biases, you can use the project name. When you initialize W&B for both the sweep and the run, make sure to provide the same project name. This will ensure that both the sweep and the run are associated with the same project. For example, in Python code, you can initialize W&B with the project name `'my-first-sweep'`. This way, the sweep and run will be in the same project.

"
"The user wants to know how to define a search space for a sweep in Weights & Biases (W&B). They understand that a sweep involves iterating over different sets of hyperparameters but they are unsure about how to specify the range or specific values for each hyperparameter.
","How can I define the search space for a sweep in W&B?
","To define the search space for a sweep in W&B, you need to create a sweep configuration. Within this configuration, you can specify the hyperparameters you want to sweep over and their corresponding ranges or values. For example, you can use a dictionary to specify the method of search, the metric to maximize, and the parameters to sweep over. In the example provided, the sweep configuration uses random search (`'method':'random'`) and specifies the `'x'` parameter to sweep over a range from 0.01 to 0.1 and the `'y'` parameter to take values of 1, 3, and 7. To define your own search space, you can modify the sweep configuration accordingly.

"
"The user is working on a machine learning project and is using W&B to manage their experiments. They have created a sweep configuration to explore different hyperparameter settings.
","How can I start a W&B sweep with the defined sweep configuration?
","To start a W&B sweep with the defined sweep configuration, you can use the `wandb.agent` API call. Pass the sweep ID and the main function that contains your objective/training function as arguments to `wandb.agent`. Additionally, you can specify the number of runs you want to execute using the `count` parameter. Here is an example:

```python
wandb.agent(sweep_id, function=main, count=10)
```

This will start a sweep with the specified configuration and execute the main function 10 times, each with a different set of hyperparameters."
The user is trying to understand how to initialize and start a W&B sweep in their project. They want to know how to configure the sweep and what steps to follow.,How can I initialize and start a sweep in my project using W&B?,"To initialize and start a W&B sweep in your project, you need to follow these steps:
1. Define the objective/training function that you want to optimize.
2. Initialize W&B using the `wandb.init()` function and provide the name of your project.
3. Define the search space for your sweep by specifying the hyperparameters you want to sweep over in a dictionary.
4. Initialize the sweep using the `wandb.sweep()` function and pass the sweep configuration dictionary and the name of your project.
5. Start the sweep using the `wandb.agent()` function, passing the sweep ID, the objective/training function, and the number of runs you want to execute.
By following these steps, you can initialize and start a W&B sweep in your project. For more detailed information and examples, you can refer to the [Initialize sweeps](https://docs.wandb.ai/guides/sweeps/initialize-sweeps) documentation."
"The user wants to know how to initialize and start a sweep using Weights & Biases (W&B). They have multiple hyperparameters that they want to sweep over and they want to understand the process of setting up and running a sweep.
","How do I set up and start a sweep in W&B? I have multiple hyperparameters that I want to test.
","To set up and start a sweep in W&B, you need to follow a few steps. First, make sure that both the W&B Sweep and the W&B Run are in the same project. This means that the name you provide when you initialize W&B must match the name of the project you provide when you initialize a W&B Sweep. Next, define your search space by specifying the hyperparameters you want to sweep over. In your sweep configuration, you can specify different methods for the search, such as random search. You also need to define the metric you want to maximize or minimize during the sweep. Once your sweep configuration is defined, you can initialize the sweep by calling `wandb.sweep(sweep=sweep_configuration, project='my-first-sweep')`. This will return a sweep identification number. Finally, you can start the sweep using the `wandb.agent` API call, passing the sweep identification number and the main function to be executed for each run. For example, you can use `wandb.agent(sweep_id, function=main, count=10)` to start the sweep with 10 runs."
"The user is working on a machine learning project and is using W&B to track their experiments. They have created multiple versions of a dataset with different sizes and splits and want to know how to download and access these artifacts reliably across different machines and environments.
","How can I download and access different versions of my datasets created using W&B across multiple machines and environments?
","To download and access different versions of your datasets created using W&B across multiple machines and environments, you can use the Artifacts system. The Artifacts system allows you to save and independently version your datasets, so you can reliably download them by name across different machines, environments, team members, etc. You can use the `wandb.Artifact` class to create an artifact for each version of your dataset and then use the `add_dir` method to add the data from different directories, such as ""train"", ""val"", and ""test"". Finally, you can log the artifact using `run.log_artifact(my_data)`. You can then download the artifact and access its files by name using the `wandb.Artifact.file` method."
"The user is working on a machine learning project and wants to explore different combinations of hyperparameters. They are concerned about running out of GPU memory if the parameters don't meet certain constraints. They are aware of a method in Optuna, another library, that allows them to prune unwanted combinations during a hyperparameter search. The user is wondering if W&B provides a similar feature or an alternative way to achieve this goal.
","Is there a way in W&B to prune unwanted combinations of hyperparameters during a parameter sweep, similar to the method in Optuna?
","Yes, in W&B, you can use the early termination feature to prune unwanted combinations of hyperparameters during a parameter sweep. By setting up a metric to monitor, you can define custom stopping criteria that allow you to terminate runs that don't meet certain constraints. This way, the runs will not be recorded, and you can avoid running out of GPU memory. For example, you can use the `stop()` method in the `config` object to cancel a run if the `num_layers * hidden_dim` exceeds a certain threshold:

```python
import wandb

# Initialize W&B
wandb.init()

# Prune based on custom stopping criteria
if wandb.config.num_layers * wandb.config.hidden_dim > YOUR_THRESHOLD:
    wandb.run.config.stop(""GPU memory exceeded"")
```

You can find more information about early termination and stopping runs in the [W&B documentation](https://docs.wandb.ai/guides/sweeps/early-termination)."
"The user is working on a machine learning project and wants to explore different hyperparameter combinations using W&B sweeps. They are concerned about running out of GPU memory and want to know if there is a way to prevent certain combinations of hyperparameters from running during a sweep.
","Is there a way to prune unwanted combinations of hyperparameters in W&B sweeps to avoid running out of GPU memory?
","Yes, in W&B you can use the early termination feature to prune unwanted combinations of hyperparameters during a sweep. By defining a metric to monitor, you can set a criteria for terminating a run if it meets certain conditions. This can be useful for avoiding combinations of hyperparameters that are likely to run out of GPU memory. For example, you can use the `wandb.run.early_terminate()` function to terminate a run based on a condition you define. You can find more information and examples in the [W&B documentation on Sweeps](https://docs.wandb.ai/guides/sweeps/early-termination)."
"The user is working on a machine learning project and wants to experiment with different datasets of varying sizes, train/val/test splits, and class balance. They have read the W&B documentation and understand how to save and version artifacts. They want to know if W&B can automatically handle file duplication when saving multiple versions of the same dataset.
","Can W&B automatically handle file duplication when saving multiple versions of the same dataset as artifacts?
","Yes, W&B's Artifacts system avoids duplicating files wherever possible. Any files used across multiple versions will only be stored once. So, when you save multiple versions of the same dataset, W&B will only store the files once, reducing duplication and saving storage space."
"The user is working on training a machine learning model using W&B and wants to know how to handle different slices of their data, such as varying the number of items, train/val/test assignment and proportion, and per-class balance.
","How can I save and version different slices of my data as artifacts in W&B?
","You can save and version different slices of your data as artifacts in W&B by using the `wandb.Artifact` class. You can create a new artifact with a specific name and type, and then add the desired data slices to it using the `add_dir` method. Once you have added all the necessary slices, you can log the artifact using the `run.log_artifact` method. This allows you to independently version your data slices and download them reliably by name across different machines and environments. Would you like to see a code example?"
"The user is trying to launch a new run from a job in W&B. They want to specify the version of the job to launch and override some values in the `wandb.config` of the new run. They also want to choose the queue to launch the run on and view the resource configuration of the selected queue.
","How can I launch a new run from a job in W&B and customize the run settings, such as choosing the job version, overriding values, selecting a queue, and checking the resource configuration?
","To launch a new run from a job in W&B, follow these steps:

1. Go to the page for your job.
2. Click the **Launch** button in the top right corner.
3. A drawer will appear on the right side of your screen with options for the new run.
4. Select the desired version of the job to launch. If there are multiple versions, choose the default **@latest** version.
5. Specify any overrides for the job inputs. This can be used to change the entrypoint command, arguments, or values in the `wandb.config`.
6. Choose the queue to launch the run on.
7. You can view the resource configuration of the selected queue, but it is non-editable.

This allows you to customize the run settings according to your needs."
"A user is trying to utilize GPUs in their job submitted to a W&B queue. They have read the W&B documentation on configuring resource settings for GPU utilization.
","How can I specify which GPUs to use for my job when submitting it to the W&B queue?
","To specify which GPUs to use for your job, you can set the `gpus` key in the resource configuration to specify the GPUs you want to utilize. For example, if you want to use all available GPUs, you can set it to `""all""`. Here's an example of how to configure it:

```json
{
    ""gpus"": ""all""
}
```

You can also refer to the [NVIDIA documentation](https://docs.nvidia.com/datacenter/cloud-native/container-toolkit/user-guide.html#gpu-enumeration) for more information on GPU enumeration.

"
"The user is trying to understand how to configure their job to utilize GPUs in the queue when using Weights & Biases (W&B). They have already read the documentation, but they are unsure about how to specify a custom base image for the container build.
","How can I specify a custom base image for the container build in order to utilize GPUs in my job queue?
","To specify a custom base image for the container build and utilize GPUs in your job queue, you can add the `builder.cuda.base_image` key to the resource configuration. For example, if you want to use tensorflow on GPU, you can set the `builder.cuda.base_image` key to `""tensorflow/tensorflow:latest-gpu""`. This will ensure that your runs properly utilize GPUs."
"The user is trying to set up a job queue for running their deep learning experiments on GPUs. They want to ensure that the GPUs are properly utilized and that they can specify a custom base image for TensorFlow on GPU.
","How can I configure my job queue to utilize GPUs properly and specify a custom base image for TensorFlow on GPU?
","To utilize GPUs in your job queue, you can use the `gpus` key in the resource configuration of your queue. For example, you can set `""gpus"": ""all""` to use all available GPUs. This will then be passed to the `--gpus` argument of `docker run`. Additionally, if you're using TensorFlow on GPU, you can specify a custom base image for the container build by adding an image tag under the `builder.cuda.base_image` key in the resource configuration. For example, you can set `""builder"": { ""cuda"": { ""base_image"": ""tensorflow/tensorflow:latest-gpu"" } }` to ensure that your runs properly utilize GPUs. For more information, you can refer to the relevant [NVIDIA documentation](https://docs.nvidia.com/datacenter/cloud-native/container-toolkit/user-guide.html#gpu-enumeration)."
The user wants to launch a new run from a job in W&B and customize the run with different options and overrides.,How can I customize and launch a new run from a job in W&B?,"To customize and launch a new run from a job in W&B, follow these steps:
1. Go to the page for your job.
2. Click the ""Launch"" button in the top right corner.
3. A drawer will slide out from the right side of your screen.
4. In the drawer, you can set the following options for your new run:
   - **Job version**: Select the version of the job you want to launch. Different versions of the same job are created if there are modifications to the software dependencies or source code. If you only have one version, select the default **@latest** version.
   - **Overrides**: Specify new values for any of the job's inputs. This can include changing the entrypoint command, arguments, or values in the wandb.config of your new run. Use this field to override values such as `epochs`, `batch_size`, and `learning_rate`. You can also paste values from other runs using this job by clicking the **Paste from...** button.
   - **Queue**: Select the queue on which to launch the run. Choose the desired queue you created in a previous step.
   - **Resource config**: Review the non-editable queue configuration displayed in this field.
5. Once you have set the desired options, click the ""Launch"" button to start the new run.
"
"The user is a data scientist who has logged a table using Weights & Biases (W&B). They want to visualize the table in their workspace and compare the results across different model versions.
","How can I visualize and compare tables in my Weights & Biases workspace?
","To visualize and compare tables in your Weights & Biases workspace, you can follow these steps:
1. Log a table using the `wandb.Table()` object and `run.log()` function. Provide a name for your table as the key and the `wandb.Table` as the value.
2. Navigate to the W&B App and select the name of your Run in your Project workspace.
3. A new panel will be added for each unique table key. You can view the table in this panel.
4. To compare across model versions, log sample tables from multiple W&B Runs and compare the results in the project workspace.
5. Use the table filter, sort, and grouping features to explore and evaluate model results.

You can find more information and examples in the [documentation](http://wandb.me/tables-quickstart)."
"A user is working on a project and wants to log a table with W&B to visualize and analyze their data. They have read the W&B documentation on logging tables and want to make sure they understand the process correctly.
","I read the W&B documentation on logging tables, but I'm not sure if I need to initialize a W&B Run before logging a table. Can you clarify this for me?
","Yes, you need to initialize a W&B Run before logging a table. According to the documentation, you need to use the `wandb.init()` function to initialize a W&B Run. Then, create a `wandb.Table()` object instance and log the table with `run.log()` as a key-value pair, where the key is the name for your table and the value is the object instance of `wandb.Table`. Here's an example from the documentation:

```python
run = wandb.init(project=""table-test"")
my_table = wandb.Table(columns=[""a"", ""b""], data=[[""a1"", ""b1""], [""a2"", ""b2""]])
run.log({""Table Name"": my_table})
```

Initializing the W&B Run ensures that your logged table is associated with the correct project and workspace."
"The user is working on a project using the W&B framework and wants to log a table with their data. They have already initialized a W&B run and created a table object with the necessary columns and data. Now, they want to know how to log this table using the `run.log()` function.
","How do I log a table in W&B using the `run.log()` function?
","To log a table in W&B using the `run.log()` function, you need to provide a name for your table as the key and pass the object instance of `wandb.Table` as the value. Here's an example:

```python
run = wandb.init(project=""table-test"")
my_table = wandb.Table(columns=[""a"", ""b""], data=[[""a1"", ""b1""], [""a2"", ""b2""]])
run.log({""Table Name"": my_table})
```

In the above example, the table is logged under the key `""Table Name""`."
"A user is working on a project using W&B and wants to log a table with data and visualize it in their workspace. They are familiar with initializing a run and logging other types of data, but they are unsure how to log a table specifically.
","How can I log a table in W&B? I want to visualize the data and compare it across different model versions.
","To log a table in W&B, you can follow these steps:
1. Initialize a W&B Run using the `wandb.init()` function.
2. Create a `wandb.Table()` object instance, specifying the column names and data of your table.
3. Log the table using the `run.log()` function, providing a name for your table as the key and the `wandb.Table` object instance as the value.

Here's an example of logging a table:

```python
run = wandb.init(project=""my_project"")
my_table = wandb.Table(columns=[""column1"", ""column2""], data=[[""value1"", ""value2""], [""value3"", ""value4""]])
run.log({""Table Name"": my_table})
```

After logging the table, you can visualize it in your W&B workspace. Navigate to the W&B App and select the name of your Run in your Project workspace. You'll see a new panel added for each unique table key. You can compare tables across different model versions by logging sample tables from multiple W&B Runs and viewing them in the project workspace.

For more information and examples, you can refer to the W&B documentation on [logging tables](../../ref/python/data-types/table.md) and [visualizing tables](../../ref/python/data_vis.md)."
"A user is working on a project using W&B and wants to log a table with some data. They have read the W&B documentation and are looking for clarification on how to pass in a Pandas DataFrame to the `wandb.Table()` class.
","How can I pass a Pandas DataFrame to the `wandb.Table()` class to log a table in W&B?
","To pass a Pandas DataFrame to the `wandb.Table()` class, you can simply provide the DataFrame as the `data` parameter when creating the `wandb.Table` object. Here's an example:

```python
import pandas as pd
import wandb

# Initialize a W&B Run
run = wandb.init(project=""my-project"")

# Create a Pandas DataFrame
data = {'a': ['a1', 'a2'], 'b': ['b1', 'b2']}
df = pd.DataFrame(data)

# Log the table with W&B
table = wandb.Table(data=df)
run.log({'Table Name': table})
```

By passing the DataFrame `df` as the `data` parameter, you can log the table with W&B."
"The user is trying to figure out how to add tags to their W&B runs, specifically using the Public API.
","Hi wandbot. I want to add tags to my W&B runs using the Public API. How can I do that?
","
To add tags to your runs using the Public API, you can follow these steps:

1. After creating a run, you can update the tags using the public API. Here is an example of how to do it in Python:

```python
run = wandb.Api().run(""{entity}/{project}/{run-id}"")
run.tags.append(""tag1"")  # you can choose tags based on run data here
run.update()
```

Make sure to replace `{entity}`, `{project}`, and `{run-id}` with the appropriate values.

2. For more details and examples on how to use the Public API, you can refer to the [reference documentation](../../../ref/README.md) or the [public API guide](../../../guides/track/public-api-guide.md).

I hope this helps! Let me know if you have any further questions."
"The user is trying to understand how to update tags for a W&B run, either programmatically or through the UI. They have read the documentation on the Public API and the Project Page, but they are still confused about the specific steps they need to follow.
","Hi wandbot. I created a run in W&B and I want to update its tags. Can you show me how to do it using the Public API and using the UI?
","
To update tags for a W&B run, you have two options: using the Public API or using the UI.

1. Using the Public API:
   - Make sure you already have the run ID.
   - You can update tags programmatically by using the following code snippet:
     ```python
     run = wandb.Api().run(""{entity}/{project}/{run-id}""})
     run.tags.append(""tag1"")  # you can choose tags based on run data here
     run.update()
     ```

2. Using the UI:
   - To update tags for multiple runs at once:
     - Go to the [Project Page](../pages/project-page.md).
     - In the runs sidebar, click the table icon in the upper-right to expand the sidebar into the full runs table.
     - Hover over a run in the table to see a checkbox on the left or look in the header row for a checkbox that will allow you to select all runs.
     - Click the checkbox to enable bulk actions. Select the runs to which you'd like to apply your tag(s).
     - Click the Tag button above the rows of runs.
     - Type a tag you'd like to add and click ""Add"" below the text box to add a new tag.

   - To update tags for a single run:
     - Go to the [Run Page](../pages/run-page.md).
     - In the left sidebar, click the top Overview tab.
     - Next to ""Tags"" is a gray âž• button. Click on that plus to add a tag.
     - Type a tag you'd like to add and click ""Add"" below the text box to add a new tag.

Both methods allow you to update tags for your W&B runs, choose the one that suits your needs the best."
"The user has just created a run using W&B and wants to update the tags associated with the run. They are unsure of how to do this and are looking for guidance.
","Hi wandbot. I have created a W&B run and I would like to update the tags. How can I do this?
","To update the tags associated with a run, you can use the public API provided by W&B. Here is an example code snippet in Python:

```python
run = wandb.Api().run(""{entity}/{project}/{run-id}"")
run.tags.append(""tag1"")  # you can choose tags based on run data here
run.update()
```

By using this code, you can update the tags associated with your W&B run. You can find more information on how to use the Public API in the [reference documentation](../../../ref/README.md) or [guide](../../../guides/track/public-api-guide.md)."
"The user is trying to figure out how to update tags for their W&B runs using the public API.
","How can I update tags for a W&B run using the public API?
","You can update tags for a W&B run using the public API like this:

```python
run = wandb.Api().run(""{entity}/{project}/{run-id}"")
run.tags.append(""tag1"")  # you can choose tags based on run data here
run.update()
```

You can find more information on how to use the Public API in the reference documentation or the public API guide."
"A user is looking for a way to add tags to their W&B runs in bulk using the W&B documentation.
","How can I add tags to multiple runs at once using the W&B UI?
","To add tags to multiple runs at once using the W&B user interface, you can follow these steps:

1. Go to the [Project Page](../pages/project-page.md) by clicking on the project name.
2. In the [runs sidebar](../pages/project-page.md#search-for-runs), click on the table icon in the upper-right corner. This will expand the sidebar into the full runs table.
3. Hover over a run in the table to see a checkbox on the left or look in the header row for a checkbox that will allow you to select all runs.
4. Once you have selected the runs to which you'd like to apply your tags, click the Tag button above the rows of runs.
5. Type the tag(s) you'd like to add and click ""Add"" below the text box to add the new tag(s) to the selected runs.

This method is best suited for tagging large numbers of runs with the same tag or tags. You can find more information in the [Project Page documentation](../pages/project-page.md#tagging-runs)."
"The user is working on a machine learning project and is using Weights & Biases (W&B) to track their experiments. They have trained multiple versions of a model and want to know how to organize and manage these versions using W&B.
","How can I group and manage multiple versions of my trained models in Weights & Biases?
","In Weights & Biases, you can organize and manage multiple versions of your trained models using Model Artifacts and Registered Models. A Model Version represents an immutable directory of data for a specific version of your model. You can decide what files and formats to store in a Model Version, typically including the model architecture and learned parameters. Each Model Version belongs to a Model Artifact, which is a sequence of Model Versions. You can alias specific versions in a Model Artifact to create bookmarks for downstream consumers. Additionally, you can create Registered Models, which are sets of links to Model Versions. Registered Models act like folders of bookmarks, and each version of a Registered Model is a link to a Model Version belonging to a Model Artifact. You can create a Registered Model for each of your use cases or modeling tasks and use aliases like ""production"" or ""staging"" to denote versions with special purposes."
"
A user is using W&B to manage their machine learning models. They have trained multiple versions of a model and want to organize and track them.
","
I have trained multiple versions of my model during the training process and want to keep track of them. What is the best way to organize and manage these model versions in W&B?
","
In W&B, you can organize and manage your model versions using Model Artifacts and Registered Models. A Model Version is an immutable directory of data that represents a specific version of your model. You can decide what files and formats are appropriate to store in a Model Version. It is common to save checkpoints periodically during training, so each individual model being trained corresponds to its own Model Artifact, and each checkpoint corresponds to its own Model Version.

A Model Artifact is a sequence of Model Versions. It can alias specific versions so that downstream consumers can refer to them easily. To create a Registered Model for each of your use cases or modeling tasks, you can use aliases like ""production"" or ""staging"" to denote versions with special purposes. Registered Models act like folders of ""bookmarks"" and contain links to Model Versions. You can access a Registered Model using the appropriate identifier, which includes the entity name, project name, registered model name, and optional alias.

You can find more details and examples in the [W&B documentation on Model Management](https://wandb.ai/timssweeney/model_management_docs_official_v0/artifacts/model/mnist-zws7gt0n)."
"The user is working on a machine learning project and wants to manage and track different versions of their model during training. They are using W&B and are familiar with the concept of artifacts, but they are now looking for information on how to create and manage model versions within their project.
","How can I create and track different versions of my model during training using W&B?
","To create and track different versions of your model during training using W&B, you can utilize the concept of Model Artifacts and Model Versions. Each individual model being trained corresponds to its own Model Artifact, and each checkpoint corresponds to its own Model Version of the respective Model Artifact. You can then use W&B to log and store these model versions. Additionally, you can create a Registered Model for each of your use cases or modeling tasks and use aliases like ""production"" or ""staging"" to denote versions with special purposes. This allows you to organize and access different versions of your models. For more information on how to create and manage model versions, you can refer to the [W&B documentation on Model Management](https://wandb.ai/timssweeney/model_management_docs_official_v0)."
"A user is using W&B to manage their deep learning models and track their experiments. They have reached a point where they want to create multiple versions of their model and track each version separately.
","How can I create different versions of my model and track them individually using W&B?
","
To create different versions of your model and track them individually using W&B, you can leverage the concept of Model Versions. A Model Version is an immutable directory of data that represents a specific version of your model. You can decide what files and formats are appropriate to store in a Model Version, such as your model architecture and learned parameters.

Typically, when training a model, you would save checkpoints periodically. Each individual model being trained corresponds to its own Model Artifact, and each checkpoint corresponds to its own Model Version of the respective Model Artifact. This allows you to have multiple versions of your model and track them separately.

To create a Registered Model, which is a set of links to Model Versions, you can use aliases like ""production"" or ""staging"" to denote versions with special purposes. A Registered Model acts like a folder of ""bookmarks"", where each ""version"" of the Registered Model is actually a link to a Model Version belonging to a Model Artifact of the same type.

By organizing your models into Model Versions and Registered Models, you can easily manage and track the different versions of your model throughout your modeling tasks.

For more details and examples, you can refer to the [W&B documentation on Model Versions and Registered Models](https://wandb.ai/timssweeney/model_management_docs_official_v0/artifacts/model/mnist-zws7gt0n)."
"
The user is trying to understand how W&B handles model versions, artifacts, and registered models. They want to know how to store and restore model architecture and parameters using W&B. They also want to understand the relationship between model versions, artifacts, and registered models.
","
How does W&B handle model versions, artifacts, and registered models? How can I store and restore my model architecture and parameters using W&B?
","
In W&B, a Model Version is an immutable directory of data where you can store and restore your model architecture and parameters. You can decide what files and formats are appropriate for your model. Typically, you'll store the files produced from the serialization process provided by your modeling library, such as PyTorch or Keras. 

A Model Artifact is a sequence of Model Versions. Each individual model being trained corresponds to its own Model Artifact, and each checkpoint corresponds to its own Model Version. Model Artifacts can alias specific versions for downstream consumers to pin. 

A Registered Model is a set of links to Model Versions. It acts like a folder of ""bookmarks"" where each ""version"" of a Registered Model is a link to a Model Version belonging to a Model Artifact of the same type. You can access a Registered Model using its identifier, and it may be linked to any number of Model Versions. Typically, you create a Registered Model for each use case or modeling task and use aliases like ""production"" or ""staging"" to denote versions with special purposes.

You can find more information and examples of Model Artifacts and Registered Models in the [W&B Model Management Documentation](https://wandb.ai/timssweeney/model_management_docs_official_v0/artifacts/model/mnist-zws7gt0n)."
"The user is trying to customize a chart in Weights & Biases (W&B) using Vega spec. They have successfully set up a query and selected the necessary columns for the chart. Now they want to switch from a scatter plot to a line plot and make other customization changes to the visualization.
","How can I switch the plot type from a scatter plot to a line plot in W&B's custom chart?
","To switch the plot type from a scatter plot to a line plot in the custom chart, you can follow these steps:
1. Click on **Edit** to change the Vega spec for the built-in chart.
2. In the Vega spec, change the value of the ""mark"" field from ""point"" to ""line"".
3. Save the changes.

Reference: [Customize the chart](https://app.wandb.ai/demo-team/custom-charts)"
"The user is trying to customize a chart in the W&B app using Vega spec. They have already made some changes but want to know how to save their customized chart as a preset that can be used in other projects.
","How can I save my customized chart as a preset in W&B?
","To save your customized chart as a preset in W&B, follow these steps:

1. Click on **Save as** at the top of the page.
2. Enter a name for your preset and click **Save**.
3. Your customized chart preset will now be available to use in other projects within the W&B app."
"The user is trying to customize a chart in W&B using Vega spec. They have already set the Vega fields and now want to add some titles to the plot, legend, x-axis, and y-axis. They also want to change the visualization from a scatter plot to a line plot and remove the unused ""size"" field.
","How can I customize the chart in W&B and switch from a scatter plot to a line plot?
","To customize the chart in W&B and switch from a scatter plot to a line plot, you can follow these steps:

1. Click on **Edit** to change the Vega spec for the built-in chart.
2. Add titles for the plot, legend, x-axis, and y-axis by setting the ""title"" field for each.
3. Change the value of the ""mark"" field from ""point"" to ""line"" to switch to a line plot.
4. Remove the unused ""size"" field from the Vega spec.

After making these changes, your chart will be customized with titles, switched to a line plot, and the unused field will be removed."
"The user is trying to customize a chart in W&B by changing the Vega spec. They want to switch from a scatter plot to a line plot and make other modifications to the visualization.
","How can I change the type of plot from scatter to line in the W&B chart?
","To change the type of plot from scatter to line in the W&B chart, you can follow these steps:
1. Click on the chart you want to customize.
2. Click on the **Edit** button.
3. In the Vega spec, locate the field called ""mark"" and change its value from ""point"" to ""line"".
4. Save your changes.

Once you save the changes, the chart will be updated to display a line plot instead of a scatter plot."
"The user wants to customize a chart in W&B and switch from a scatter plot to a line plot. They have already followed the steps in the documentation to set up a query and select the desired Vega fields.
","I have set up a query and selected the Vega fields for my chart. Now, I want to change the plot type from scatter to line. How can I do that?
","To change the plot type from scatter to line, you can click on **Edit** and update the Vega spec for the chart. In the Vega spec, change the value of the ""mark"" field from ""point"" to ""line"". This will switch the plot type from scatter to line. Additionally, if there are any unused fields in the Vega spec, you can remove them to clean up the visualization."
"The user is working on a machine learning project and has mounted a filesystem at `/mount`. They have a dataset located at `/mount/datasets/mnist/` and want to track it using Weights & Biases Artifacts.
","How can I use Weights & Biases Artifacts to track my dataset located at `/mount/datasets/mnist/`?
","To track your dataset using Weights & Biases Artifacts, you can use the following code snippet:
```python
import wandb

run = wandb.init()
artifact = wandb.Artifact('mnist', type='dataset')
artifact.add_reference('file:///mount/datasets/mnist/')
run.log_artifact(artifact)
```
This code initializes a run, creates an artifact named 'mnist' with the type 'dataset', and adds a reference to the directory `/mount/datasets/mnist/`. The artifact will only consist of metadata about the files, such as their sizes and MD5 checksums, and the files themselves will remain on your local filesystem.

You can then interact with this artifact just like a regular artifact. In the Weights & Biases UI, you can browse the contents of the reference artifact using the file browser, explore the dependency graph, and view the versioned history of your artifact. However, the UI will not be able to render rich media such as images or audio since the data itself is not contained within the artifact.

If you need to download the reference artifact, you can use the following code:
```python
import wandb

run = wandb.init()
artifact = run.use_artifact('entity/project/mnist:latest', type='dataset')
artifact_dir = artifact.download()
```
This code downloads the files from the referenced paths and constructs the artifact directory. For example, the contents of `/mount/datasets/mnist` will be copied into the directory `artifacts/mnist:v0/`."
"
A user has mounted a filesystem at `/mount` with a directory structure that includes a dataset under `/mount/datasets/mnist/`. They want to track this dataset using Weights & Biases (W&B) Artifacts.
","
I have a dataset located on a mounted filesystem at `/mount/datasets/mnist/`. How can I track this dataset using W&B Artifacts?
","
To track the dataset using W&B Artifacts, you can use the following code:

```python
import wandb

run = wandb.init()
artifact = wandb.Artifact('mnist', type='dataset')
artifact.add_reference('file:///mount/datasets/mnist/')
run.log_artifact(artifact)
```

This code initializes a W&B run, creates a new Artifact named 'mnist' with the type 'dataset', and adds a reference to the dataset directory on the mounted filesystem. Once you log the artifact, it will be available for further exploration and versioning in the W&B UI. The artifact itself only contains metadata about the files, such as their sizes and MD5 checksums, and the files remain on your system.

You can also interact with the artifact, such as browsing its contents in the UI and downloading it. To download the artifact, you can use the following code:

```python
import wandb

run = wandb.init()
artifact = run.use_artifact('entity/project/mnist:latest', type='dataset')
artifact_dir = artifact.download()
```

In this code, you initialize a W&B run, specify the artifact you want to use (in this case, 'entity/project/mnist:latest'), and specify the type as 'dataset'. Then, you can use the `download()` method to copy the files from the referenced paths to construct the artifact directory."
"****
A user is working on a machine learning project and wants to track their dataset using Weights & Biases (W&B). They have a mounted filesystem with a specific structure, and they want to know how to add the dataset as an artifact and interact with it within W&B.
","****
I have a dataset stored in a mounted filesystem with the following structure `/mount/datasets/mnist/`. How can I add this dataset as an artifact in W&B and interact with it?
","****
To add your dataset as an artifact in W&B, you can use the `wandb.Artifact` and `add_reference` functions. Assuming you have already initialized W&B with `run = wandb.init()`, you can add the dataset reference as follows:

```python
artifact = wandb.Artifact('mnist', type='dataset')
artifact.add_reference('file:///mount/datasets/mnist/')
run.log_artifact(artifact)
```

The `wandb.Artifact` function creates a new artifact object named 'mnist' with the type 'dataset'. The `add_reference` function adds the reference to your mounted dataset using the `file://` prefix followed by the path to the dataset. 

After adding the artifact, you can interact with it in various ways, such as browsing its contents, exploring the dependency graph, or viewing its version history on the W&B UI. However, please note that rich media such as images or audio files cannot be rendered in the UI as the data itself remains on your local filesystem.

If you need to download the reference artifact, you can use the `run.use_artifact` and `download` functions as shown below:

```python
artifact = run.use_artifact('entity/project/mnist:latest', type='dataset')
artifact_dir = artifact.download()
```

The `run.use_artifact` function retrieves the artifact 'mnist:latest' from the specified project in your W&B organization. Finally, the `download` function copies the files referenced by the artifact to a local directory named `artifacts/mnist:v0/`.

Please make sure that the referenced files are not overwritten, as `download()` will throw an error if any of the files are no longer available.

Using these methods, you can easily add and interact with your dataset stored on a mounted filesystem within W&B."
"The user is working on a machine learning project and wants to track their dataset using W&B Artifacts. They have a filesystem mounted at `/mount` with a specific folder structure containing their dataset.
","How can I track my dataset using W&B Artifacts when my dataset is stored in a mounted filesystem?
","To track your dataset using W&B Artifacts when it's stored in a mounted filesystem, you can use the `wandb.Artifact` class. First, initialize W&B by calling `wandb.init()`. Then, create an instance of the `wandb.Artifact` class with the name of your dataset as a parameter and specify the type as 'dataset'. Use the `add_reference()` method to add a reference to the path where your dataset is located in the mounted filesystem, preceded by the `file://` prefix. Finally, log the artifact using the `run.log_artifact()` method. The resulting artifact will contain metadata about the files, such as their sizes and MD5 checksums.

EXAMPLE:

```python
import wandb

run = wandb.init()
artifact = wandb.Artifact('mnist', type='dataset')
artifact.add_reference('file:///mount/datasets/mnist/')
run.log_artifact(artifact)
```

Note that W&B imposes a default file limit of 10,000 when adding a reference to a directory, but you can adjust this limit by specifying `max_objects` in the `add_reference()` method.

The resulting artifact can be interacted with just like a normal artifact in the W&B UI. You can browse the contents, explore the dependency graph, and view the versioned history. However, please note that the UI will not be able to render rich media such as images or audio, as the data itself is not contained within the artifact.

To download a reference artifact, you can use the `run.use_artifact()` method to obtain the artifact object and then call the `download()` method. The files from the referenced paths will be copied to construct the artifact directory.

EXAMPLE:

```python
import wandb

run = wandb.init()
artifact = run.use_artifact('entity/project/mnist:latest', type='dataset')
artifact_dir = artifact.download()
```

In the above example, the contents of `/mount/datasets/mnist` will be copied into the directory `artifacts/mnist:v0/`. Please note that if an artifact contains a reference to a file that was overwritten, the `download()` operation will throw an error as the artifact can no longer be reconstructed."
"A user is working on a machine learning project and wants to track the dataset they are using with Weights & Biases (W&B). They have a filesystem mounted at `/mount` with a directory structure that contains their dataset.
","How can I track and log my dataset in Weights & Biases when it is located in a mounted directory?
","To track and log your dataset in Weights & Biases, you can use Artifacts. Assuming your dataset is located in the `/mount/datasets/mnist/` directory, you can create an artifact and log it using the following code:

```python
import wandb

run = wandb.init()
artifact = wandb.Artifact('mnist', type='dataset')
artifact.add_reference('file:///mount/datasets/mnist/')
run.log_artifact(artifact)
```

This will create an artifact named 'mnist' of type 'dataset' and add a reference to the `/mount/datasets/mnist/` directory. The artifact contains metadata about the files, such as their sizes and MD5 checksums. The files themselves never leave your system.

You can then interact with this artifact just like a regular artifact. In the Weights & Biases UI, you can browse the contents of the reference artifact using the file browser, explore the full dependency graph, and view the versioned history of your artifact. However, the UI will not be able to render rich media such as images, audio, etc. as the data itself is not contained within the artifact.

If you want to download the reference artifact, you can use the following code:

```python
import wandb

run = wandb.init()
artifact = run.use_artifact('entity/project/mnist:latest', type='dataset')
artifact_dir = artifact.download()
```

This will download the files from the referenced paths and construct the artifact directory. In this example, the contents of `/mount/datasets/mnist` will be copied into the directory `artifacts/mnist:v0/`."
"A user is a team admin in Weights & Biases and wants to understand how to remove a team member from their team.
","How can I remove a team member from my Weights & Biases team?
","To remove a team member from your Weights & Biases team, you can follow these steps:
1. Open the team settings page in Weights & Biases.
2. Locate the name of the team member you want to remove.
3. Click the delete button next to the departing member's name.
4. Please note that removing a team member will not delete any runs they logged to the team. The runs will remain after the user is removed.

This information can be found in the W&B documentation under the section ""Remove team members"" in the document fragment provided."
"A team admin is trying to understand the permissions and roles of team members in Weights & Biases. They want to know if they can remove team members and what happens to the runs logged by the removed member.
","Can I remove team members in Weights & Biases? What happens to the runs they logged?
","Yes, as a team admin, you can remove team members in Weights & Biases. To remove a team member, open the team settings page and click the delete button next to the member's name. When a team member is removed, any runs they logged to the team will remain in the system."
"The user is a team admin on W&B and they want to remove a team member who is no longer working with their team. They have read the W&B documentation but are still unsure about the steps to remove a team member.
","Hi there! I'm a team admin on W&B and I need to remove a member from my team. Can you guide me on how to do that?
","Sure! To remove a team member on W&B, you can follow these steps:
- Go to the team settings page on W&B.
- Look for the name of the member you want to remove and click on the delete button next to their name.
- After confirming the deletion, the member will be removed from your team.

Please note that any runs logged by the member will remain even after they are removed from the team."
"A user is a team admin in Weights & Biases and wants to remove a team member who is no longer part of the team. They are looking for information on how to remove a team member.
","How can I remove a team member in Weights & Biases?
","To remove a team member in Weights & Biases, as a team admin, you can open the team settings page and click the delete button next to the departing member's name. Any runs that they logged to the team will remain after a user is removed. This process allows you to effectively manage your team and its members."
"A user is a team admin on Weights & Biases platform and wants to know how to remove a team member from their project.
","How can I remove a team member from my project on Weights & Biases?
","To remove a team member from your project on Weights & Biases, as a team admin, you can open the team settings page and click the delete button next to the departing member's name. Any runs that they logged to the team will remain after a user is removed."
